Title,Author,In A Series,Pages,Year,Genres/Tags
Project Hail MaryAndy Weir,Andy Weir,False,476,2021,"['hopeful', 'adventurous', 'science fiction', 'funny', 'fiction', 'medium-paced']"
In Her Own LeagueLiz Tomforde,Liz Tomforde,True,440,2026,"['lighthearted', 'contemporary', 'emotional', 'medium-paced', 'funny', 'sports', 'fiction', 'romance']"
This Story Might Save Your LifeTiffany Crum,Tiffany Crum,False,368,2026,"['emotional', 'fast-paced', 'tense', 'mysterious', 'thriller', 'fiction', 'crime']"
The CorrespondentVirginia Evans,Virginia Evans,False,304,2025,"['hopeful', 'literary', 'contemporary', 'emotional', 'medium-paced', 'fiction', 'reflective']"
"And Now, Back To YouB.K. Borison",B.K. Borison,True,448,2026,"['lighthearted', 'contemporary', 'emotional', 'medium-paced', 'funny', 'fiction', 'romance']"
Dungeon Crawler CarlMatt Dinniman,Matt Dinniman,True,446,2020,"['adventurous', 'science fiction', 'fantasy', 'fast-paced', 'funny', 'fiction']"
I Who Have Never Known MenJacqueline Harpman,Jacqueline Harpman,False,201,1995,"['dark', 'literary', 'medium-paced', 'mysterious', 'dystopian', 'fiction', 'reflective']"
Heart the LoverLily King,Lily King,False,249,2025,"['sad', 'literary', 'emotional', 'fast-paced', 'fiction', 'reflective']"
Half His AgeJennette McCurdy,Jennette McCurdy,False,276,2026,"['dark', 'literary', 'contemporary', 'emotional', 'fast-paced', 'fiction']"
Wild Dark ShoreCharlotte McConaghy,Charlotte McConaghy,False,302,2025,"['dark', 'literary', 'emotional', 'mysterious', 'thriller', 'fiction', 'medium-paced']"
DaggermouthH.M. Wolfe,H.M. Wolfe,True,566,2025,"['dark', 'emotional', 'fast-paced', 'tense', 'dystopian', 'fiction', 'romance']"
Agnes Aubert's Mystical Cat ShelterHeather Fawcett,Heather Fawcett,False,353,2026,"['hopeful', 'lighthearted', 'fantasy', 'funny', 'fiction', 'medium-paced']"
My Husband's WifeAlice Feeney,Alice Feeney,False,310,2026,"['dark', 'fast-paced', 'tense', 'mysterious', 'thriller', 'fiction']"
Theo of GoldenAllen Levi,Allen Levi,False,398,2023,"['hopeful', 'inspiring', 'literary', 'contemporary', 'emotional', 'fiction', 'medium-paced']"
Red RisingPierce Brown,Pierce Brown,True,382,2014,"['dark', 'adventurous', 'science fiction', 'tense', 'dystopian', 'fiction', 'medium-paced']"
KinTayari Jones,Tayari Jones,False,368,2026,"['sad', 'literary', 'emotional', 'medium-paced', 'fiction', 'reflective']"
Remarkably Bright CreaturesShelby Van Pelt,Shelby Van Pelt,False,360,2022,"['hopeful', 'literary', 'emotional', 'fiction', 'medium-paced']"
AtmosphereTaylor Jenkins Reid,Taylor Jenkins Reid,False,337,2025,"['inspiring', 'adventurous', 'literary', 'lgbtqia+', 'emotional', 'fiction', 'medium-paced']"
Dear DebbieFreida McFadden,Freida McFadden,False,336,2026,"['dark', 'fast-paced', 'tense', 'mysterious', 'thriller', 'fiction']"
Carl's Doomsday ScenarioMatt Dinniman,Matt Dinniman,True,371,2021,"['adventurous', 'science fiction', 'fantasy', 'fast-paced', 'funny', 'fiction']"
HamnetMaggie O'Farrell,Maggie O'Farrell,False,372,2020,"['sad', 'literary', 'emotional', 'medium-paced', 'historical', 'fiction', 'reflective']"
The Wedding PeopleAlison Espach,Alison Espach,False,367,2024,"['hopeful', 'literary', 'contemporary', 'emotional', 'funny', 'fiction', 'medium-paced']"
Lady TremaineRachel Hochhauser,Rachel Hochhauser,False,336,2026,"['dark', 'adventurous', 'emotional', 'historical', 'fiction', 'medium-paced']"
KatabasisR.F. Kuang,R.F. Kuang,False,541,2025,"['dark', 'adventurous', 'fantasy', 'tense', 'historical', 'fiction', 'medium-paced']"
Heated RivalryRachel Reid,Rachel Reid,True,380,2019,"['lgbtqia+', 'contemporary', 'emotional', 'lighthearted', 'fast-paced', 'funny', 'sports', 'fiction', 'romance']"
The EverlastingAlix E. Harrow,Alix E. Harrow,False,311,2025,"['adventurous', 'emotional', 'fantasy', 'fiction', 'medium-paced']"
PiranesiSusanna Clarke,Susanna Clarke,False,245,2020,"['speculative fiction', 'adventurous', 'literary', 'fantasy', 'medium-paced', 'mysterious', 'fiction', 'reflective']"
Everything is TuberculosisJohn Green,John Green,False,198,2025,"['hopeful', 'health', 'nonfiction', 'science', 'informative', 'fast-paced', 'history', 'reflective']"
My FriendsFredrik Backman,Fredrik Backman,False,436,2025,"['hopeful', 'literary', 'contemporary', 'emotional', 'funny', 'fiction', 'medium-paced']"
Sunrise on the ReapingSuzanne Collins,Suzanne Collins,True,382,2025,"['sad', 'dark', 'young adult', 'emotional', 'fast-paced', 'dystopian', 'fiction']"
The Dungeon Anarchist's CookbookMatt Dinniman,Matt Dinniman,True,532,2021,"['dark', 'adventurous', 'science fiction', 'fantasy', 'fast-paced', 'funny', 'fiction']"
Two Can PlayAli Hazelwood,Ali Hazelwood,False,187,2024,"['lighthearted', 'contemporary', 'fast-paced', 'funny', 'fiction', 'romance']"
Fourth WingRebecca Yarros,Rebecca Yarros,True,517,2023,"['adventurous', 'emotional', 'fantasy', 'medium-paced', 'tense', 'fiction', 'romance']"
The Seven Husbands of Evelyn HugoTaylor Jenkins Reid,Taylor Jenkins Reid,False,389,2017,"['reflective', 'sad', 'literary', 'lgbtqia+', 'emotional', 'medium-paced', 'historical', 'fiction', 'romance']"
A Court of Mist and FurySarah J. Maas,Sarah J. Maas,True,626,2016,"['dark', 'adventurous', 'emotional', 'fantasy', 'medium-paced', 'fiction', 'romance']"
BabelR.F. Kuang,R.F. Kuang,False,544,2022,"['dark', 'literary', 'challenging', 'fantasy', 'emotional', 'historical', 'fiction', 'medium-paced']"
A Short Stay in HellSteven L. Peck,Steven L. Peck,False,104,2011,"['sad', 'dark', 'literary', 'slow-paced', 'magical realism', 'fiction', 'reflective']"
The Poison DaughterSheila Masterson,Sheila Masterson,False,666,2025,"['dark', 'adventurous', 'emotional', 'fantasy', 'medium-paced', 'fiction', 'romance']"
AlchemisedSenLinYu,SenLinYu,False,1029,2025,"['dark', 'emotional', 'fantasy', 'tense', 'fiction', 'medium-paced']"
Strange BuildingsUketsu,Uketsu,True,384,2023,"['mystery', 'dark', 'fast-paced', 'tense', 'mysterious', 'thriller', 'fiction', 'horror']"
How to Hide an EmpireDaniel Immerwahr,Daniel Immerwahr,False,528,2019,"['nonfiction', 'informative', 'history', 'politics', 'medium-paced']"
Wuthering HeightsEmily Brontë,Emily Brontë,False,464,1847,"['dark', 'classics', 'literary', 'emotional', 'slow-paced', 'fiction', 'romance']"
The HousemaidFreida McFadden,Freida McFadden,True,338,2022,"['mystery', 'dark', 'contemporary', 'fast-paced', 'tense', 'mysterious', 'thriller', 'fiction']"
The Midnight LibraryMatt Haig,Matt Haig,True,288,2020,"['hopeful', 'literary', 'science fiction', 'emotional', 'medium-paced', 'fiction', 'reflective']"
The Hunger GamesSuzanne Collins,Suzanne Collins,True,374,2008,"['dark', 'adventurous', 'young adult', 'fast-paced', 'tense', 'dystopian', 'fiction']"
The Astral LibraryKate Quinn,Kate Quinn,False,297,2026,"['hopeful', 'adventurous', 'literary', 'magical realism', 'fiction', 'medium-paced']"
Mistakes Were MadeLucy Score,Lucy Score,True,560,2026,"['hopeful', 'lighthearted', 'contemporary', 'medium-paced', 'funny', 'fiction', 'romance']"
The Silent PatientAlex Michaelides,Alex Michaelides,False,325,2019,"['mystery', 'dark', 'tense', 'mysterious', 'thriller', 'fiction', 'medium-paced']"
Common GoalRachel Reid,Rachel Reid,True,316,2020,"['lgbtqia+', 'contemporary', 'emotional', 'lighthearted', 'medium-paced', 'funny', 'sports', 'fiction', 'romance']"
The God of the WoodsLiz Moore,Liz Moore,False,478,2024,"['mystery', 'dark', 'literary', 'tense', 'mysterious', 'thriller', 'historical', 'fiction', 'medium-paced']"
East of EdenJohn Steinbeck,John Steinbeck,False,601,1952,"['classics', 'literary', 'emotional', 'slow-paced', 'historical', 'fiction', 'reflective']"
Broken CountryClare Leslie Hall,Clare Leslie Hall,False,303,2025,"['sad', 'mystery', 'literary', 'emotional', 'medium-paced', 'mysterious', 'fiction', 'romance']"
First-Time CallerB.K. Borison,B.K. Borison,True,437,2025,"['hopeful', 'lighthearted', 'contemporary', 'medium-paced', 'funny', 'fiction', 'romance']"
House of Earth and BloodSarah J. Maas,Sarah J. Maas,True,800,2020,"['adventurous', 'emotional', 'fantasy', 'medium-paced', 'mysterious', 'fiction', 'romance']"
The Invisible Life of Addie LaRueV.E. Schwab,V.E. Schwab,False,444,2020,"['adventurous', 'literary', 'emotional', 'fantasy', 'mysterious', 'fiction', 'medium-paced']"
It's Not HerMary Kubica,Mary Kubica,False,352,2026,"['dark', 'fast-paced', 'tense', 'mysterious', 'thriller', 'fiction']"
The Long GameRachel Reid,Rachel Reid,True,414,2022,"['hopeful', 'lgbtqia+', 'contemporary', 'emotional', 'medium-paced', 'funny', 'sports', 'fiction', 'romance']"
Strangers: A Memoir of MarriageBelle Burden,Belle Burden,False,241,2026,"['memoir', 'sad', 'nonfiction', 'emotional', 'medium-paced', 'reflective']"
The WomenKristin Hannah,Kristin Hannah,False,471,2024,"['sad', 'challenging', 'emotional', 'historical', 'fiction', 'medium-paced']"
The Count of Monte CristoAlexandre Dumas,Alexandre Dumas,False,1276,1844,"['classics', 'adventurous', 'literary', 'emotional', 'mysterious', 'fiction', 'medium-paced']"
The NightingaleKristin Hannah,Kristin Hannah,False,440,2015,"['sad', 'inspiring', 'emotional', 'historical', 'fiction', 'medium-paced']"
The NamesFlorence Knapp,Florence Knapp,False,328,2025,"['sad', 'literary', 'emotional', 'medium-paced', 'fiction', 'reflective']"
Lost LambsMadeline Cash,Madeline Cash,False,323,2026,"['medium-paced', 'fiction', 'funny', 'literary']"
Iron FlameRebecca Yarros,Rebecca Yarros,True,623,2023,"['adventurous', 'emotional', 'fantasy', 'medium-paced', 'tense', 'fiction', 'romance']"
The Gate of the Feral GodsMatt Dinniman,Matt Dinniman,True,589,2021,"['adventurous', 'science fiction', 'fantasy', 'fast-paced', 'tense', 'funny', 'fiction']"
Reminders of HimColleen Hoover,Colleen Hoover,False,320,2022,"['hopeful', 'sad', 'contemporary', 'emotional', 'medium-paced', 'fiction', 'romance']"
People We Meet on VacationEmily Henry,Emily Henry,False,388,2021,"['lighthearted', 'contemporary', 'emotional', 'medium-paced', 'funny', 'fiction', 'romance']"
Anatomy of an AlibiAshley Elston,Ashley Elston,False,340,2026,"['dark', 'fast-paced', 'tense', 'mysterious', 'thriller', 'fiction']"
Bury Our Bones in the Midnight SoilV.E. Schwab,V.E. Schwab,False,535,2025,"['dark', 'lgbtqia+', 'emotional', 'fantasy', 'mysterious', 'historical', 'fiction', 'medium-paced']"
Martyr!Kaveh Akbar,Kaveh Akbar,False,331,2024,"['dark', 'literary', 'lgbtqia+', 'emotional', 'medium-paced', 'fiction', 'reflective']"
A Court of Thorns and RosesSarah J. Maas,Sarah J. Maas,True,419,2015,"['dark', 'adventurous', 'emotional', 'fantasy', 'medium-paced', 'fiction', 'romance']"
JamesPercival Everett,Percival Everett,False,303,2024,"['adventurous', 'literary', 'emotional', 'fast-paced', 'tense', 'historical', 'fiction']"
CirceMadeline Miller,Madeline Miller,False,393,2018,"['adventurous', 'literary', 'emotional', 'fantasy', 'medium-paced', 'historical', 'fiction', 'reflective']"
Funny StoryEmily Henry,Emily Henry,False,387,2024,"['lighthearted', 'contemporary', 'emotional', 'medium-paced', 'funny', 'fiction', 'romance']"
Throne of GlassSarah J. Maas,Sarah J. Maas,True,406,2012,"['adventurous', 'fantasy', 'tense', 'mysterious', 'fiction', 'medium-paced']"
One Dark WindowRachel Gillig,Rachel Gillig,True,421,2022,"['dark', 'adventurous', 'fantasy', 'medium-paced', 'mysterious', 'fiction', 'romance']"
"One Day, Everyone Will Have Always Been Against ThisOmar El Akkad",Omar El Akkad,False,187,2025,"['memoir', 'nonfiction', 'challenging', 'informative', 'medium-paced', 'politics', 'reflective']"
The Last LetterRebecca Yarros,Rebecca Yarros,False,426,2019,"['romance', 'contemporary', 'emotional', 'fiction', 'medium-paced']"
YellowfaceR.F. Kuang,R.F. Kuang,False,323,2023,"['dark', 'literary', 'fast-paced', 'tense', 'thriller', 'fiction']"
The Red WinterCameron Sullivan,Cameron Sullivan,False,535,2026,"['dark', 'adventurous', 'lgbtqia+', 'fantasy', 'mysterious', 'historical', 'fiction', 'medium-paced']"
"I, MedusaAyana Gray",Ayana Gray,False,320,2025,"['sad', 'dark', 'emotional', 'fantasy', 'historical', 'fiction', 'medium-paced']"
The Lion Women of TehranMarjan Kamali,Marjan Kamali,False,327,2024,"['hopeful', 'inspiring', 'literary', 'emotional', 'historical', 'fiction', 'medium-paced']"
Dark MatterBlake Crouch,Blake Crouch,False,342,2016,"['adventurous', 'science fiction', 'fast-paced', 'tense', 'mysterious', 'thriller', 'fiction']"
BrimstoneCallie Hart,Callie Hart,True,660,2025,"['dark', 'adventurous', 'emotional', 'fantasy', 'medium-paced', 'fiction', 'romance']"
The Butcher's MasqueradeMatt Dinniman,Matt Dinniman,True,707,2022,"['dark', 'adventurous', 'science fiction', 'fantasy', 'fast-paced', 'funny', 'fiction']"
The Secret HistoryDonna Tartt,Donna Tartt,False,559,1992,"['mystery', 'dark', 'literary', 'tense', 'mysterious', 'slow-paced', 'thriller', 'fiction']"
A Court of Frost and StarlightSarah J. Maas,Sarah J. Maas,True,232,2018,"['hopeful', 'lighthearted', 'emotional', 'fantasy', 'medium-paced', 'fiction', 'romance']"
Catching FireSuzanne Collins,Suzanne Collins,True,391,2009,"['adventurous', 'young adult', 'emotional', 'fast-paced', 'tense', 'dystopian', 'fiction']"
A Court of Silver FlamesSarah J. Maas,Sarah J. Maas,True,751,2021,"['dark', 'adventurous', 'emotional', 'fantasy', 'medium-paced', 'fiction', 'romance']"
Strange HousesUketsu,Uketsu,True,208,2021,"['mystery', 'dark', 'fast-paced', 'tense', 'mysterious', 'fiction', 'horror']"
MockingjaySuzanne Collins,Suzanne Collins,True,390,2010,"['dark', 'adventurous', 'young adult', 'emotional', 'dystopian', 'fiction', 'medium-paced']"
Animal FarmGeorge Orwell,George Orwell,False,152,1945,"['dark', 'classics', 'literary', 'fast-paced', 'dystopian', 'fiction', 'reflective']"
The Love HypothesisAli Hazelwood,Ali Hazelwood,False,373,2021,"['lighthearted', 'contemporary', 'fast-paced', 'funny', 'fiction', 'romance']"
Game ChangerRachel Reid,Rachel Reid,True,400,2018,"['hopeful', 'lgbtqia+', 'contemporary', 'emotional', 'lighthearted', 'medium-paced', 'sports', 'fiction', 'romance']"
The Song of AchillesMadeline Miller,Madeline Miller,False,378,2011,"['sad', 'adventurous', 'literary', 'lgbtqia+', 'emotional', 'fantasy', 'medium-paced', 'historical', 'fiction', 'romance']"
1984George Orwell,George Orwell,False,304,1949,"['dark', 'classics', 'literary', 'science fiction', 'medium-paced', 'tense', 'dystopian', 'fiction', 'reflective']"
The Poppy WarR.F. Kuang,R.F. Kuang,True,544,2018,"['dark', 'adventurous', 'fantasy', 'tense', 'historical', 'fiction', 'medium-paced']"
The Mad WifeMeagan Church,Meagan Church,False,352,2025,"['sad', 'dark', 'literary', 'emotional', 'historical', 'fiction', 'medium-paced']"
The Buffalo Hunter HunterStephen Graham Jones,Stephen Graham Jones,False,435,2025,"['dark', 'fantasy', 'tense', 'mysterious', 'historical', 'fiction', 'horror', 'medium-paced']"
Best Offer WinsMarisa Kashino,Marisa Kashino,False,273,2025,"['dark', 'fast-paced', 'tense', 'thriller', 'fiction']"
PachinkoMin Jin Lee,Min Jin Lee,False,490,2017,"['sad', 'literary', 'emotional', 'medium-paced', 'historical', 'fiction', 'reflective']"
"Tomorrow, and Tomorrow, and TomorrowGabrielle Zevin",Gabrielle Zevin,False,401,2022,"['sad', 'literary', 'contemporary', 'emotional', 'medium-paced', 'fiction', 'reflective']"
Great Big Beautiful LifeEmily Henry,Emily Henry,False,418,2025,"['lighthearted', 'contemporary', 'emotional', 'medium-paced', 'fiction', 'romance']"
The Raven ScholarAntonia Hodgson,Antonia Hodgson,True,648,2025,"['adventurous', 'fantasy', 'tense', 'mysterious', 'fiction', 'medium-paced']"
Tender Is the FleshAgustina Bazterrica,Agustina Bazterrica,False,211,2017,"['dark', 'literary', 'tense', 'dystopian', 'fiction', 'horror', 'medium-paced']"
The MartianAndy Weir,Andy Weir,True,369,2011,"['adventurous', 'science fiction', 'tense', 'funny', 'thriller', 'fiction', 'medium-paced']"
The Eye of the Bedlam BrideMatt Dinniman,Matt Dinniman,True,829,2023,"['dark', 'adventurous', 'science fiction', 'fantasy', 'fast-paced', 'funny', 'fiction']"
To Kill a MockingbirdHarper Lee,Harper Lee,True,336,1960,"['classics', 'young adult', 'literary', 'emotional', 'medium-paced', 'historical', 'fiction', 'reflective']"
The House in the Cerulean SeaTJ Klune,TJ Klune,True,398,2020,"['hopeful', 'lgbtqia+', 'emotional', 'fantasy', 'funny', 'fiction', 'medium-paced']"
A Psalm for the Wild-BuiltBecky Chambers,Becky Chambers,True,147,2021,"['hopeful', 'inspiring', 'lgbtqia+', 'science fiction', 'medium-paced', 'fiction', 'reflective']"
Beach ReadEmily Henry,Emily Henry,False,358,2020,"['lighthearted', 'contemporary', 'emotional', 'medium-paced', 'funny', 'fiction', 'romance']"
No Matter WhatCara Bastone,Cara Bastone,False,337,2026,"['hopeful', 'reflective', 'contemporary', 'emotional', 'medium-paced', 'fiction', 'romance']"
Shield of SparrowsDevney Perry,Devney Perry,True,511,2025,"['adventurous', 'fantasy', 'medium-paced', 'tense', 'mysterious', 'fiction', 'romance']"
The Knight and the MothRachel Gillig,Rachel Gillig,True,389,2025,"['dark', 'adventurous', 'fantasy', 'medium-paced', 'mysterious', 'fiction', 'romance']"
Strange PicturesUketsu,Uketsu,False,236,2022,"['mystery', 'dark', 'fast-paced', 'tense', 'mysterious', 'fiction', 'horror']"
MateAli Hazelwood,Ali Hazelwood,False,448,2025,"['adventurous', 'emotional', 'fantasy', 'medium-paced', 'funny', 'fiction', 'romance']"
Dire BoundSable Sorensen,Sable Sorensen,True,608,2025,"['dark', 'adventurous', 'fantasy', 'medium-paced', 'tense', 'fiction', 'romance']"
Normal PeopleSally Rooney,Sally Rooney,False,273,2018,"['reflective', 'sad', 'literary', 'contemporary', 'emotional', 'medium-paced', 'fiction', 'romance']"
Small Things Like TheseClaire Keegan,Claire Keegan,False,118,2021,"['sad', 'literary', 'emotional', 'medium-paced', 'historical', 'fiction', 'reflective']"
The Poet EmpressShen Tao,Shen Tao,False,432,2026,"['dark', 'emotional', 'fantasy', 'tense', 'fiction', 'medium-paced']"
Six of CrowsLeigh Bardugo,Leigh Bardugo,True,465,2015,"['dark', 'adventurous', 'young adult', 'lgbtqia+', 'fantasy', 'tense', 'fiction', 'medium-paced']"
Between Two FiresChristopher Buehlman,Christopher Buehlman,False,426,2012,"['dark', 'adventurous', 'fantasy', 'tense', 'historical', 'fiction', 'horror', 'medium-paced']"
Onyx StormRebecca Yarros,Rebecca Yarros,True,527,2025,"['adventurous', 'emotional', 'fantasy', 'medium-paced', 'tense', 'fiction', 'romance']"
This Inevitable RuinMatt Dinniman,Matt Dinniman,True,870,2024,"['dark', 'adventurous', 'science fiction', 'fantasy', 'fast-paced', 'funny', 'fiction']"
The Housemaid's SecretFreida McFadden,Freida McFadden,True,316,2023,"['dark', 'fast-paced', 'tense', 'mysterious', 'thriller', 'fiction']"
Margo's Got Money TroublesRufi Thorpe,Rufi Thorpe,False,298,2024,"['hopeful', 'contemporary', 'emotional', 'funny', 'fiction', 'medium-paced']"
Daisy Jones & The SixTaylor Jenkins Reid,Taylor Jenkins Reid,False,355,2019,"['literary', 'emotional', 'medium-paced', 'historical', 'fiction', 'reflective']"
We Used to Live HereMarcus Kliewer,Marcus Kliewer,False,312,2024,"['dark', 'lgbtqia+', 'fast-paced', 'tense', 'mysterious', 'thriller', 'fiction', 'horror']"
The Assassin's BladeSarah J. Maas,Sarah J. Maas,True,435,2014,"['dark', 'adventurous', 'emotional', 'fantasy', 'fiction', 'medium-paced']"
Before the Coffee Gets ColdToshikazu Kawaguchi,Toshikazu Kawaguchi,True,213,2015,"['hopeful', 'literary', 'emotional', 'medium-paced', 'magical realism', 'fiction', 'reflective']"
Operation Bounce HouseMatt Dinniman,Matt Dinniman,False,437,2026,"['adventurous', 'science fiction', 'fantasy', 'fast-paced', 'tense', 'funny', 'fiction']"
YesteryearCaro Claire Burke,Caro Claire Burke,False,400,2026,"['dark', 'literary', 'tense', 'mysterious', 'thriller', 'fiction', 'medium-paced']"
The Frozen RiverAriel Lawhon,Ariel Lawhon,False,432,2023,"['mystery', 'emotional', 'mysterious', 'historical', 'fiction', 'medium-paced']"
Happy PlaceEmily Henry,Emily Henry,False,388,2023,"['hopeful', 'contemporary', 'emotional', 'medium-paced', 'funny', 'fiction', 'romance']"
The Will of the ManyJames Islington,James Islington,True,630,2023,"['adventurous', 'fantasy', 'tense', 'mysterious', 'fiction', 'medium-paced']"
Tough GuyRachel Reid,Rachel Reid,True,300,2020,"['hopeful', 'lgbtqia+', 'contemporary', 'emotional', 'lighthearted', 'medium-paced', 'sports', 'fiction', 'romance']"
Parable of the SowerOctavia E. Butler,Octavia E. Butler,True,345,1993,"['dark', 'classics', 'literary', 'science fiction', 'challenging', 'tense', 'dystopian', 'fiction', 'medium-paced']"
Mile HighLiz Tomforde,Liz Tomforde,True,490,2022,"['lighthearted', 'contemporary', 'emotional', 'medium-paced', 'funny', 'sports', 'fiction', 'romance']"
Role ModelRachel Reid,Rachel Reid,True,328,2021,"['hopeful', 'lgbtqia+', 'contemporary', 'emotional', 'medium-paced', 'funny', 'sports', 'fiction', 'romance']"
QuicksilverCallie Hart,Callie Hart,True,670,2024,"['dark', 'adventurous', 'emotional', 'fantasy', 'medium-paced', 'fiction', 'romance']"
Wild ReverenceRebecca Ross,Rebecca Ross,False,527,2025,"['hopeful', 'adventurous', 'emotional', 'fantasy', 'medium-paced', 'fiction', 'romance']"
BelovedToni Morrison,Toni Morrison,True,325,1987,"['sad', 'dark', 'classics', 'literary', 'emotional', 'slow-paced', 'magical realism', 'historical', 'fiction']"
Giovanni's RoomJames Baldwin,James Baldwin,False,159,1956,"['sad', 'classics', 'literary', 'lgbtqia+', 'emotional', 'medium-paced', 'fiction', 'reflective']"
Crown of MidnightSarah J. Maas,Sarah J. Maas,True,420,2013,"['dark', 'adventurous', 'fantasy', 'mysterious', 'fiction', 'medium-paced']"
We Who Will DieStacia Stark,Stacia Stark,True,432,2025,"['dark', 'adventurous', 'fantasy', 'medium-paced', 'tense', 'fiction', 'romance']"
The Road to Tender HeartsAnnie Hartnett,Annie Hartnett,False,369,2025,"['hopeful', 'literary', 'contemporary', 'emotional', 'funny', 'fiction', 'medium-paced']"
The FavoritesLayne Fargo,Layne Fargo,False,437,2025,"['contemporary', 'emotional', 'medium-paced', 'tense', 'sports', 'fiction', 'romance']"
Demon CopperheadBarbara Kingsolver,Barbara Kingsolver,False,548,2022,"['sad', 'dark', 'literary', 'emotional', 'fiction', 'medium-paced']"
The Cruel PrinceHolly Black,Holly Black,True,370,2018,"['dark', 'adventurous', 'young adult', 'fantasy', 'tense', 'fiction', 'medium-paced']"
How to Kill a Guy in Ten DatesShailee Thompson,Shailee Thompson,False,368,2026,"['dark', 'contemporary', 'fast-paced', 'tense', 'funny', 'fiction', 'horror', 'romance']"
WhidbeyT Kira Madden,T Kira Madden,False,372,2026,"['literary', 'challenging', 'emotional', 'medium-paced', 'fiction', 'reflective']"
I'm Glad My Mom DiedJennette McCurdy,Jennette McCurdy,False,320,2022,"['memoir', 'sad', 'nonfiction', 'emotional', 'fast-paced', 'reflective']"
SunburnChloe Michelle Howarth,Chloe Michelle Howarth,False,285,2023,"['sad', 'literary', 'lgbtqia+', 'emotional', 'medium-paced', 'fiction', 'reflective']"
All the Light We Cannot SeeAnthony Doerr,Anthony Doerr,False,531,2014,"['sad', 'literary', 'emotional', 'medium-paced', 'historical', 'fiction', 'reflective']"
Two Twisted CrownsRachel Gillig,Rachel Gillig,True,434,2023,"['dark', 'adventurous', 'fantasy', 'medium-paced', 'mysterious', 'fiction', 'romance']"
Nobody's GirlVirginia Roberts Giuffre,Virginia Roberts Giuffre,False,394,2025,"['memoir', 'sad', 'dark', 'nonfiction', 'emotional', 'medium-paced']"
Just FriendsHaley Pham,Haley Pham,False,320,2026,"['romance', 'contemporary', 'emotional', 'fiction', 'medium-paced']"
Frankenstein: The 1818 TextMary Shelley,Mary Shelley,False,280,1818,"['dark', 'classics', 'literary', 'science fiction', 'medium-paced', 'mysterious', 'fiction', 'horror', 'reflective']"
House of Sky and BreathSarah J. Maas,Sarah J. Maas,True,805,2022,"['adventurous', 'emotional', 'fantasy', 'medium-paced', 'tense', 'fiction', 'romance']"
The Great AloneKristin Hannah,Kristin Hannah,False,440,2018,"['sad', 'adventurous', 'literary', 'emotional', 'historical', 'fiction', 'medium-paced']"
BunnyMona Awad,Mona Awad,True,305,2019,"['dark', 'literary', 'tense', 'mysterious', 'thriller', 'fiction', 'horror', 'medium-paced']"
There Is No Antimemetics Divisionqntm,qntm,False,209,2020,"['dark', 'science fiction', 'fast-paced', 'tense', 'mysterious', 'fiction', 'horror']"
The Ballad of Songbirds and SnakesSuzanne Collins,Suzanne Collins,True,517,2020,"['dark', 'adventurous', 'young adult', 'tense', 'dystopian', 'fiction', 'medium-paced']"
On Earth We're Briefly GorgeousOcean Vuong,Ocean Vuong,False,246,2019,"['sad', 'literary', 'contemporary', 'emotional', 'lgbtqia+', 'slow-paced', 'fiction', 'reflective']"
VerityColleen Hoover,Colleen Hoover,False,323,2018,"['mystery', 'dark', 'contemporary', 'fast-paced', 'tense', 'mysterious', 'thriller', 'fiction', 'romance']"
The Catcher in the RyeJ.D. Salinger,J.D. Salinger,False,277,1951,"['classics', 'young adult', 'literary', 'emotional', 'medium-paced', 'fiction', 'reflective']"
"So Old, So YoungGrant Ginder",Grant Ginder,False,372,2026,"['sad', 'literary', 'contemporary', 'emotional', 'medium-paced', 'fiction', 'reflective']"
The Bright YearsSarah Damoff,Sarah Damoff,False,271,2025,"['sad', 'literary', 'contemporary', 'emotional', 'medium-paced', 'fiction', 'reflective']"
Yours TrulyAbby Jimenez,Abby Jimenez,True,398,2023,"['hopeful', 'contemporary', 'emotional', 'medium-paced', 'funny', 'fiction', 'romance']"
The StrangerAlbert Camus,Albert Camus,False,123,1942,"['dark', 'classics', 'literary', 'medium-paced', 'fiction', 'reflective']"
Jane EyreCharlotte Brontë,Charlotte Brontë,False,532,1847,"['dark', 'classics', 'literary', 'emotional', 'mysterious', 'slow-paced', 'fiction', 'romance']"
Pride and PrejudiceJane Austen,Jane Austen,False,435,1813,"['classics', 'literary', 'lighthearted', 'emotional', 'slow-paced', 'funny', 'fiction', 'romance']"
Crying in H MartMichelle Zauner,Michelle Zauner,False,239,2021,"['memoir', 'sad', 'nonfiction', 'emotional', 'medium-paced', 'reflective']"
Not Quite Dead YetHolly Jackson,Holly Jackson,False,385,2025,"['mystery', 'dark', 'emotional', 'mysterious', 'thriller', 'fiction', 'medium-paced']"
The Wings That BindBriar Boleyn,Briar Boleyn,True,426,2026,"['dark', 'adventurous', 'emotional', 'fantasy', 'medium-paced', 'fiction', 'romance']"
FosterClaire Keegan,Claire Keegan,False,89,2010,"['sad', 'literary', 'emotional', 'fast-paced', 'fiction', 'reflective']"
Brave New WorldAldous Huxley,Aldous Huxley,False,268,1932,"['dark', 'classics', 'challenging', 'science fiction', 'medium-paced', 'dystopian', 'fiction', 'reflective']"
The LambLucy Rose,Lucy Rose,False,326,2025,"['dark', 'literary', 'lgbtqia+', 'emotional', 'tense', 'fiction', 'horror', 'medium-paced']"
This Is How You Lose the Time WarMax Gladstone,Max Gladstone,False,198,2019,"['adventurous', 'lgbtqia+', 'science fiction', 'emotional', 'medium-paced', 'mysterious', 'fiction', 'romance']"
Say You'll Remember MeAbby Jimenez,Abby Jimenez,True,358,2025,"['hopeful', 'contemporary', 'emotional', 'medium-paced', 'funny', 'fiction', 'romance']"
In Your DreamsSarah Adams,Sarah Adams,True,352,2025,"['lighthearted', 'contemporary', 'emotional', 'medium-paced', 'funny', 'fiction', 'romance']"
Station ElevenEmily St. John Mandel,Emily St. John Mandel,False,333,2014,"['dark', 'adventurous', 'literary', 'medium-paced', 'dystopian', 'fiction', 'reflective']"
The Night CircusErin Morgenstern,Erin Morgenstern,False,387,2011,"['adventurous', 'fantasy', 'mysterious', 'slow-paced', 'fiction', 'romance']"
StonerJohn Williams,John Williams,False,278,1965,"['sad', 'classics', 'literary', 'emotional', 'medium-paced', 'historical', 'fiction', 'reflective']"
Part of Your WorldAbby Jimenez,Abby Jimenez,True,388,2022,"['hopeful', 'contemporary', 'emotional', 'medium-paced', 'funny', 'fiction', 'romance']"
The Only One LeftRiley Sager,Riley Sager,False,383,2023,"['mystery', 'dark', 'tense', 'mysterious', 'thriller', 'fiction', 'horror', 'medium-paced']"
The Unselected Journals of Emma M. Lion: Vol. 1Beth Brower,Beth Brower,True,107,2019,"['lighthearted', 'fast-paced', 'funny', 'historical', 'fiction']"
Fahrenheit 451Ray Bradbury,Ray Bradbury,False,249,1953,"['dark', 'classics', 'science fiction', 'medium-paced', 'tense', 'dystopian', 'fiction', 'reflective']"
And Then There Were NoneAgatha Christie,Agatha Christie,False,264,1939,"['mystery', 'dark', 'classics', 'fast-paced', 'tense', 'mysterious', 'fiction', 'crime']"
Emily Wilde's Encyclopaedia of FaeriesHeather Fawcett,Heather Fawcett,True,317,2023,"['adventurous', 'lighthearted', 'fantasy', 'funny', 'historical', 'fiction', 'medium-paced']"
The Way of KingsBrandon Sanderson,Brandon Sanderson,True,1007,2010,"['adventurous', 'emotional', 'fantasy', 'fiction', 'medium-paced']"
The SafekeepYael van der Wouden,Yael van der Wouden,False,262,2024,"['sad', 'literary', 'lgbtqia+', 'emotional', 'medium-paced', 'historical', 'fiction', 'reflective']"
Lights OutNavessa Allen,Navessa Allen,True,400,2024,"['dark', 'romance', 'funny', 'fiction', 'medium-paced']"
Across the Vanishing SkyCatherine Cowles,Catherine Cowles,True,432,2026,"['emotional', 'medium-paced', 'tense', 'mysterious', 'fiction', 'romance']"
None of This Is TrueLisa Jewell,Lisa Jewell,False,370,2023,"['mystery', 'dark', 'fast-paced', 'tense', 'mysterious', 'thriller', 'fiction']"
Assistant to the VillainHannah Nicole Maehrer,Hannah Nicole Maehrer,True,340,2023,"['adventurous', 'lighthearted', 'fantasy', 'medium-paced', 'funny', 'fiction', 'romance']"
His & HersAlice Feeney,Alice Feeney,False,308,2020,"['mystery', 'dark', 'tense', 'mysterious', 'thriller', 'fiction', 'medium-paced']"
A Guardian and a ThiefMegha Majumdar,Megha Majumdar,False,224,2025,"['sad', 'dark', 'literary', 'fiction', 'medium-paced']"
The VegetarianHan Kang,Han Kang,False,187,2007,"['sad', 'dark', 'literary', 'contemporary', 'tense', 'fiction', 'medium-paced']"
Star ShippedCat Sebastian,Cat Sebastian,False,368,2026,"['hopeful', 'lgbtqia+', 'contemporary', 'emotional', 'medium-paced', 'funny', 'fiction', 'romance']"
The Very Secret Society of Irregular WitchesSangu Mandanna,Sangu Mandanna,False,318,2022,"['hopeful', 'lighthearted', 'contemporary', 'fantasy', 'medium-paced', 'funny', 'fiction', 'romance']"
The River Has RootsAmal El-Mohtar,Amal El-Mohtar,False,133,2025,"['adventurous', 'emotional', 'fantasy', 'fast-paced', 'mysterious', 'fiction']"
Listen for the LieAmy Tintera,Amy Tintera,False,336,2024,"['mystery', 'dark', 'fast-paced', 'tense', 'mysterious', 'thriller', 'fiction']"
Divine RivalsRebecca Ross,Rebecca Ross,True,357,2023,"['young adult', 'adventurous', 'emotional', 'fantasy', 'medium-paced', 'tense', 'fiction', 'romance']"
The CompoundAisling Rawle,Aisling Rawle,False,292,2025,"['dark', 'literary', 'contemporary', 'science fiction', 'tense', 'mysterious', 'thriller', 'fiction', 'medium-paced']"
Beautiful UglyAlice Feeney,Alice Feeney,False,306,2025,"['mystery', 'dark', 'tense', 'mysterious', 'thriller', 'fiction', 'medium-paced']"
Golden SonPierce Brown,Pierce Brown,True,446,2015,"['dark', 'adventurous', 'science fiction', 'fast-paced', 'tense', 'dystopian', 'fiction']"
Half CityKate Golden,Kate Golden,True,480,2026,"['dark', 'adventurous', 'fantasy', 'medium-paced', 'mysterious', 'fiction', 'romance']"
Butter: A Novel of Food and MurderAsako Yuzuki,Asako Yuzuki,False,452,2017,"['reflective', 'dark', 'literary', 'contemporary', 'mysterious', 'slow-paced', 'fiction', 'crime']"
A Good Girl's Guide to MurderHolly Jackson,Holly Jackson,True,433,2019,"['mystery', 'adventurous', 'young adult', 'fast-paced', 'tense', 'mysterious', 'thriller', 'fiction']"
